01886797_4,CASH_FLOWS:APA,APA,1.716614939084593e-08,8.674112983442228e-09,5.571124464531785e-11,4.370059591973785e-10,3.071715548585985e-09,7.033121107724583e-08,1.723338527881424e-06,0.9999949932098389,1.4396930758664439e-08,5.854150053608009e-09,1.0766930680361497e-09,2.010638588956226e-08,9.102290032814153e-10,5.3094630914074514e-09,1.8291186165697582e-07,2.2363270346659192e-08,1.6518941770016227e-09,1.3691999534160004e-08,2.952095655928133e-06,1.4841250894903624e-08
00980156_3,CHANGES_IN_EQUITY:RMD,RMD,2.8204187249580848e-11,5.646855782970306e-08,1.8173230698081966e-09,2.0261015087896794e-10,1.912554239424935e-07,1.8579081328962133e-10,2.419532130204516e-08,6.207725391504937e-07,1.8486115416216364e-10,2.902560969353374e-10,2.1099651192901803e-10,4.859713673144306e-11,1.6704335692452332e-08,3.598138897942249e-09,0.9999990463256836,1.6900854049595182e-08,1.1216080286757801e-09,7.097264109745538e-09,2.5405612943257827e-12,2.364960449696696e-10
01218676_4,CASH_FLOWS:CSL,CSL,1.0597211257845629e-05,2.533082863465097e-07,2.3615129975951277e-06,1.28340898299939e-05,5.862253260602301e-07,1.4537068864228786e-06,2.0712289483526547e-07,4.056350917380769e-06,1.1308116398822676e-07,1.8244328714445146e-07,4.015693022552114e-08,0.9999362230300903,3.0022263786122494e-07,7.1741075302611534e-09,1.803980751446943e-07,2.302760913153179e-05,7.071108854006525e-08,1.3521297148599842e-07,6.4439946072525345e-06,8.345819537680654e-07
01654610_3,CHANGES_IN_EQUITY:AGL,AGL,5.887403062843077e-07,5.023514049184996e-08,0.9999752044677734,1.4918580291123362e-06,2.1694961560569936e-06,6.350332455440366e-07,2.5467038540227804e-06,8.317689648151827e-09,5.116040142638667e-07,3.7678677955454987e-08,5.340231382433558e-06,7.082217507559108e-06,1.710223784812115e-07,2.546473076847633e-08,5.32383978679718e-07,5.203568242961865e-09,5.01015392728732e-07,2.9796451528341095e-08,2.285265168211481e-07,3.215766810171772e-06
01781810_1,PROFIT_OR_LOSS:APA,APA,3.5321581770553223e-10,3.196270199623541e-07,4.233905599448917e-07,7.077399004629115e-07,0.9999722242355347,5.0687546604422096e-08,1.5280424747743382e-07,1.4848570983883036e-10,5.410996450905259e-08,2.4961552824720457e-08,3.3988037273502414e-08,9.386135246813865e-08,1.2534720483792228e-10,2.2309592395686195e-08,2.5707773602334782e-05,8.624383845967643e-11,5.325559992996887e-09,3.16346728368444e-07,1.1444382941316888e-10,3.9437508814188504e-11
01443569_2,FINANCIAL_POSITION:CSL,CSL,8.890768121716519e-10,3.0866559086462075e-08,8.159599731993872e-12,3.3506466490251796e-09,3.0231104286571053e-09,1.646290992418642e-09,3.6412275972175223e-10,1.6902271249286116e-10,9.691252245147552e-10,1.0,3.2608968858482967e-09,1.1149155210166128e-10,3.6142766557389905e-10,3.760083355786037e-09,2.242183105849449e-10,5.278684866993899e-08,1.6977118377781153e-08,1.5745795778343563e-09,1.7160128873427993e-10,3.5419084332133366e-11
01101541_4,CASH_FLOWS:APA,APA,1.1392857324210581e-08,4.673283093836744e-09,2.8394378862039993e-11,1.821155032333266e-10,1.0844501963092057e-09,1.7500905613587747e-08,9.74164890976681e-07,0.9999963045120239,9.978715631575596e-09,3.4688507621893905e-09,9.838725389954561e-10,1.1221040985276431e-08,8.019664377023616e-10,2.9562758907530906e-09,7.129757051416163e-08,8.223201675150449e-09,8.170775722682322e-10,7.03135638602248e-09,2.633561052789446e-06,9.595869876477536e-09
00996787_2,PROFIT_OR_LOSS:RMD,RMD,2.361970246056444e-06,1.6592059637332568e-06,3.54558528670168e-06,3.0356686693266965e-06,5.771555606770562e-07,1.2789543291091832e-07,7.217754500743467e-07,9.749960554472636e-07,7.728543778284802e-07,2.7784733447333565e-07,3.838339637241006e-07,6.080712751099782e-07,5.553071605390869e-05,0.9995330572128296,0.00013077309995424002,0.000263737456407398,1.0835586863322533e-06,4.2092576535424087e-08,1.880709277202186e-08,8.656351155877928e-07
01335759_3,CHANGES_IN_EQUITY:APA,APA,2.7628602183860096e-10,3.789925873132205e-10,1.5935100918795797e-06,6.366017935022228e-09,9.84649204838206e-07,2.0204430484227487e-07,0.9999960660934448,3.6695007565867854e-07,1.6918340062233028e-09,2.2909130592552174e-08,2.3575844920742384e-07,2.2951149869498977e-09,8.187419076044478e-10,2.707249535660594e-08,8.83473845192384e-08,2.842783564105389e-09,4.660197419070755e-07,1.4044248430877815e-08,1.8553336644799856e-08,4.698208044828789e-09
01556590_3,CHANGES_IN_EQUITY:APA,APA,8.663766926098049e-10,1.0158396346326981e-09,5.699350367649458e-06,5.8154299154011824e-08,3.531663196554291e-06,3.772236993881961e-07,0.999988317489624,1.244064549155155e-07,3.0381794857703426e-09,3.309855856059585e-08,3.6892660659759713e-07,3.2745455236238286e-09,5.361439736617513e-09,1.3955281019661925e-07,7.031716791061626e-07,5.294531923993873e-09,7.619386792612204e-07,5.183174422995762e-08,1.0671163508391146e-08,9.703702730234909e-09
01096917_3,CHANGES_IN_EQUITY:CSL,CSL,1.383924311953999e-11,2.495577078320821e-09,1.0611266816340503e-06,5.447598372398943e-09,4.1920444893150943e-10,1.5746928067050803e-11,1.932568416407321e-08,3.3672720167743364e-10,2.0152677393525664e-07,3.203791454353677e-09,0.9999985694885254,8.761000813706232e-10,1.0912886239111685e-07,2.5155530991582964e-09,4.261082042766873e-10,5.900702149119752e-10,7.917490663089666e-09,1.969511442823091e-09,3.312283425316309e-08,1.0784281023745734e-08
01552305_1,PROFIT_OR_LOSS:CSL,CSL,1.1185715464989698e-08,1.0800196154070463e-10,2.6865989988245076e-10,1.0376323932026477e-11,8.529675854518359e-10,1.2773776481012078e-09,1.684198613904897e-11,8.094193648666703e-10,0.9999998807907104,3.7452718704145127e-10,4.640012818413197e-08,1.1839640734478962e-07,6.822644227355568e-09,3.330537179380144e-09,3.3172395386138476e-11,1.738371113724213e-10,7.72013120098336e-10,2.2709712582669184e-11,4.234983475015497e-09,3.939475590186703e-08
01888225_1,PROFIT_OR_LOSS:AGL,AGL,0.999968409538269,3.855697286780924e-06,4.1175954312855367e-10,4.033628556499025e-06,8.263789652573905e-09,1.1641643141047098e-05,1.3745013127675065e-08,1.9514301285994406e-08,3.082988371261308e-07,1.6299570688715903e-06,2.866589743355519e-10,2.1323421606211923e-06,6.676418138340523e-07,4.496504146800362e-08,8.726798172986605e-10,5.65489017390064e-06,4.536769537821783e-08,7.837313660274958e-07,7.257793299686455e-07,5.897109645047749e-08
01542426_3,CASH_FLOWS:TLS,TLS,5.733061811952211e-07,3.2758606494098785e-08,2.7073227215623774e-08,3.888054038725386e-07,9.51393452908178e-09,3.4442944496504424e-08,1.3992274894292223e-08,1.3901346392231062e-05,4.804572881766944e-07,4.922514618144191e-10,1.9504942372350342e-07,4.4387197704054415e-06,1.3065839077341934e-08,2.066460336180853e-09,2.801942677876923e-09,6.760005248906964e-07,2.907375460381445e-07,1.53381009226905e-07,0.9999716281890869,7.157492291298695e-06
01096917_2,FINANCIAL_POSITION:CSL,CSL,3.80509401765039e-09,1.7721256995173462e-07,1.304942352092775e-11,4.085487059768411e-09,4.259658847871606e-09,8.200847112505016e-09,5.367842281778223e-10,8.798168860124633e-10,2.0154620195000916e-09,0.9999996423721313,3.02432612286907e-09,2.99390012781231e-10,7.095261045364509e-10,4.605033687710147e-09,8.325555245214389e-10,1.563495573009277e-07,1.6648460388068997e-08,4.023912314465861e-09,5.255952340021963e-10,8.863854789042946e-11
01218676_3,CHANGES_IN_EQUITY:CSL,CSL,1.4052352163840265e-11,2.2326980264608665e-09,1.11055567231233e-06,5.346870057820752e-09,4.0034503490105067e-10,1.7883776057270317e-11,2.2379134989591876e-08,5.022831039980247e-10,2.6490874915907625e-07,4.008563703195023e-09,0.9999984502792358,1.202707933245506e-09,1.131875748683342e-07,3.514081914346434e-09,4.904371908587279e-10,7.080571129414182e-10,8.402667006635056e-09,2.011503852372698e-09,4.276800424918292e-08,1.4847502782799893e-08
01650035_3,CASH_FLOWS:TLS,TLS,7.28996326415654e-07,8.18249006329097e-08,1.6892546028657307e-08,2.841933905983751e-07,1.818698081024195e-08,6.947423258907293e-08,9.473930617787119e-08,0.00019964056264143437,3.8192467854969436e-07,5.185827323117564e-10,1.186793099350325e-07,3.5308030419400893e-06,8.98939411797528e-09,1.7585506384421024e-09,6.8827521459979835e-09,3.3267679100390524e-07,3.995522774857818e-07,6.276339377109252e-07,0.9997820258140564,1.1662907127174549e-05
01542426_1,PROFIT_OR_LOSS:TLS,TLS,3.628929903243261e-07,1.0328388810876277e-08,7.655676199647132e-07,8.98346499411673e-08,3.815119271166623e-06,6.466635937840692e-08,6.30924523647991e-06,1.122987214330351e-06,3.730913249455625e-06,1.832036105042789e-07,1.3282406143844128e-06,2.2015338174696808e-07,1.3323797247721814e-05,6.917445261933608e-06,1.1409155149522121e-06,4.229731075611198e-06,0.9998807907104492,1.4230909073376097e-05,1.3289065464050509e-05,4.816711225430481e-05
01445667_1,PROFIT_OR_LOSS:APA,APA,1.453333425827097e-10,2.2227160911825194e-07,1.5041844392271742e-07,1.0842627062856991e-07,0.9999902248382568,2.5414454540850784e-08,7.523859579805503e-08,1.6056769802652582e-10,3.959165439937351e-08,1.2312291630678374e-08,2.638635798746236e-08,6.244986394676744e-08,8.012823043967998e-11,2.1353929735568045e-09,8.825045370031148e-06,2.0385021795576996e-11,3.5633305195403864e-09,2.645591621330823e-07,1.3753900796054097e-10,2.5558940380809858e-11
00987399_3,CASH_FLOWS:TLS,TLS,1.3007301902234758e-07,1.2615449129782519e-08,2.0744922224480433e-08,1.4434270667607052e-07,4.751511184508672e-09,1.4422609773134809e-08,1.93242275514649e-08,1.758181861077901e-05,1.725328502288903e-07,3.262311532026274e-10,2.0622161400751793e-07,1.0682146012186422e-06,1.7125141305029956e-09,3.4107250357351404e-10,7.552216074735441e-10,1.1298838131779121e-07,1.0369098646378916e-07,1.447827884248909e-07,0.9999765157699585,3.6567323604685953e-06
01888225_3,CHANGES_IN_EQUITY:AGL,AGL,5.046635465077998e-07,9.194621242158973e-08,0.9999737739562988,2.7592336664383765e-06,4.502033789322013e-06,8.589930757807451e-07,2.8264939828659408e-06,9.768278630417626e-09,3.4477611166039424e-07,4.5556713956784733e-08,2.5003550945257302e-06,8.115617674775422e-06,1.2862201970165188e-07,8.776559923262539e-09,8.508229711878812e-07,1.2872675370090292e-08,6.400459255928581e-07,6.437257837887955e-08,3.3079476224884274e-07,1.6655335457471665e-06
00992279_2,FINANCIAL_POSITION:APA,APA,2.186065870546372e-07,2.8919211469968786e-09,2.386500774775868e-09,1.5237523465216896e-09,3.1640490227857754e-09,0.9999978542327881,1.3591773040388944e-06,2.141897397223147e-07,9.728628569405373e-09,2.635718310273205e-08,2.950863858819375e-11,2.54976413316399e-07,4.685721255448527e-10,1.4221548938486706e-10,2.2401862309617826e-10,5.645238720930479e-10,1.2505843027810215e-09,3.580637297773137e-08,8.596009593020426e-08,3.154914907099737e-08
01443569_1,PROFIT_OR_LOSS:CSL,CSL,1.1052446957648954e-08,1.1682496636744588e-10,2.831045675666388e-10,1.1365402542706793e-11,1.037597785469302e-09,1.4237406809058939e-09,1.7837913438012443e-11,8.252263317132247e-10,0.9999998807907104,4.070536130384994e-10,4.976459777594755e-08,1.3574499746482616e-07,6.905635618892347e-09,3.3892955109138256e-09,3.763013858848474e-11,1.9177710808282455e-10,8.152046815368408e-10,2.471716754881559e-11,4.3655181691804046e-09,3.7845193645580366e-08
01777354_3,CHANGES_IN_EQUITY:CSL,CSL,1.876471200645824e-11,3.2908953340182734e-09,1.273816792490834e-06,7.1510819488196375e-09,4.4649187125322953e-10,2.1118991971880163e-11,1.9811199791774925e-08,4.286849208945398e-10,2.988415133131639e-07,3.710958429437028e-09,0.9999983310699463,1.303019248055648e-09,1.1260691934467104e-07,3.345538734933484e-09,4.807036435572343e-10,8.454056343865091e-10,7.907663857054104e-09,2.2438959579318407e-09,5.537061298355184e-08,1.720708375785307e-08
01432144_1,PROFIT_OR_LOSS:TLS,TLS,6.407415931164451e-09,1.7291297560451113e-10,1.6722660589607585e-08,2.02712224783852e-09,2.7886758857675886e-07,5.61275781407744e-09,3.395510077552899e-07,1.8598452555806944e-08,1.503499447608192e-06,4.209331549986928e-08,1.0404513517414671e-07,4.907959372246751e-09,1.286498218178167e-06,2.8959752285118157e-07,2.2427084189757807e-08,4.0340772500258026e-08,0.9999910593032837,2.30036835091596e-06,7.846177396686471e-08,2.570351398389903e-06
01777354_1,PROFIT_OR_LOSS:CSL,CSL,1.4180799645657771e-08,1.2788274605934902e-10,3.083986677143713e-10,1.3168466317381444e-11,1.0858325349971665e-09,1.4461309927327193e-09,2.2370768432145027e-11,1.0124489024931904e-09,0.9999998807907104,5.011297488088928e-10,5.7127046204641374e-08,1.3152641997749015e-07,9.033899850408034e-09,4.786049778715551e-09,4.1886671214852456e-11,2.133580534469104e-10,1.0301949293634038e-09,2.7550914674656646e-11,5.42494982269659e-09,5.333547292707408e-08
01665498_3,CHANGES_IN_EQUITY:APA,APA,9.081735363736243e-10,1.0273597528254186e-09,5.200609848543536e-06,5.8467069408152383e-08,3.4545018934295513e-06,3.0275222684394976e-07,0.9999886751174927,1.3113678676290874e-07,2.8933730966684834e-09,3.505821410954013e-08,3.7064347679915954e-07,3.135711024171428e-09,5.944850389738576e-09,1.6373930122881575e-07,8.020663244678872e-07,6.305536981443538e-09,7.847307870179066e-07,5.1486210850271164e-08,9.529587785550575e-09,8.265438999899288e-09
01333323_4,CHANGES_IN_EQUITY:CSL,CSL,1.515670748630793e-11,2.427860579246044e-09,9.221524237545964e-07,5.490534693564086e-09,4.929694985555955e-10,2.1133867225686664e-11,2.422925682310506e-08,6.994798629200716e-10,2.8031840315634327e-07,4.451826907114764e-09,0.9999986886978149,1.4373462420280703e-09,1.0185907939330718e-07,3.7020380094787697e-09,6.567083543629337e-10,8.126592176971315e-10,1.091165380273651e-08,2.2865829230056534e-09,5.2746319312291234e-08,1.7788112316452498e-08
01542426_4,CHANGES_IN_EQUITY:TLS,TLS,4.0821092284204497e-08,1.509682761025033e-07,1.4265214076658594e-07,1.6269344982333678e-08,2.0000731973390806e-11,1.559721340527176e-06,8.61910454119652e-09,1.2372363755730476e-07,1.6232802408921998e-06,7.868714707592872e-11,4.352095004378498e-07,1.950895978097833e-08,1.885133087853319e-06,5.09452835473212e-09,1.164608076642537e-09,3.4228955225756863e-09,2.111052594955254e-07,2.322399268450681e-07,3.3525689104862977e-06,0.9999902248382568
01096917_1,PROFIT_OR_LOSS:CSL,CSL,8.195294753932103e-08,1.4443298779198699e-09,5.594394947294745e-10,5.164048702543944e-11,9.964820968377808e-09,3.086168876009765e-09,5.862760971142578e-11,3.044267948837387e-09,0.9999990463256836,3.5507901063880354e-09,1.8634436571574042e-07,4.392328776248178e-07,4.910595308160737e-08,3.200172926653977e-08,2.9782815103018834e-10,7.71797570298105e-10,2.2804993449199173e-09,1.3687159738928756e-10,8.261961781386162e-09,6.183726952713187e-08
01896392_3,CHANGES_IN_EQUITY:CSL,CSL,1.3923969616191911e-11,2.91473822855437e-09,1.1529212997629656e-06,5.4519952996656684e-09,4.609367332264469e-10,1.5473960654488472e-11,1.946340510983191e-08,3.3287403389259396e-10,1.8576442073481303e-07,2.8877451541120536e-09,0.9999985694885254,8.446482402391098e-10,1.2168830210157466e-07,2.137701127225e-09,4.827822031039375e-10,5.271759140335064e-10,7.116033984289061e-09,2.1033992325669715e-09,2.9608605345288197e-08,8.68053273705982e-09
01896392_2,FINANCIAL_POSITION:CSL,CSL,4.188542013228158e-10,8.260851558361537e-09,2.359760607403838e-12,6.998477908304324e-10,1.1505552066637392e-09,1.2743504029799624e-09,1.7043384759052316e-10,1.1366082380837028e-10,4.859145863456149e-10,1.0,9.423823943421894e-10,4.114457732851129e-11,1.2780716762694766e-10,1.8684904734556085e-09,1.1520369380679796e-10,2.1401611149940436e-08,7.404894475371293e-09,3.708486295828095e-10,6.943760150202039e-11,1.1675787073284205e-11
01665487_1,PROFIT_OR_LOSS:APA,APA,8.215316760207259e-10,4.703848048848158e-07,3.2400652116848505e-07,5.2852470844300115e-08,0.999953031539917,2.0717675397463609e-07,3.0832572974759387e-06,1.0332622757402987e-08,4.679308673871674e-08,2.915542722803366e-07,1.2045553887674032e-07,6.848207334542167e-08,3.5828573441420986e-10,1.3425456302229577e-08,4.1464507376076654e-05,3.115971092260139e-10,1.1437339964004423e-07,7.411280193991843e-07,2.000779319999424e-09,3.0715968657446524e-10
01772045_5,CASH_FLOWS:AGL,AGL,2.6366864247506783e-08,3.878297718529211e-07,3.3163667012559017e-07,0.9999949932098389,1.8916965416337916e-07,3.158289274551862e-08,1.0360349023130766e-08,1.7054062328991648e-10,1.230367613347383e-10,9.917818033500225e-08,1.2005951788296443e-09,4.5589084152197756e-07,2.770573548360744e-09,4.0102111853457245e-08,9.866191419405368e-09,3.310790589239332e-06,3.594335939993698e-10,8.867091594311205e-08,1.9000722772943845e-08,3.782426039045106e-10
02011104_1,FINANCIAL_POSITION:RMD,RMD,3.6649639696406666e-06,1.3503109812518233e-06,2.0522274990497635e-09,2.0495360963934672e-09,3.5413449950283393e-11,2.8028537268909304e-09,2.0658502686288216e-10,3.5240319107288087e-07,3.82878596383307e-07,5.800833946523198e-07,1.4474740339665004e-07,1.1457540693982082e-07,0.9999896287918091,1.6432773009000812e-06,5.790644408421031e-08,1.519836700936139e-06,1.960506637033177e-07,2.2212802264220954e-07,5.958566418051703e-10,1.1604036131984685e-07
01096917_5,CASH_FLOWS:CSL,CSL,8.929938530854997e-07,1.3624361194786161e-08,1.9306821741338354e-07,1.0135431693925057e-06,1.5804093322913104e-07,9.032302727973729e-08,9.858792004990846e-09,1.594351601852395e-07,7.885555675102296e-08,7.226644616054045e-09,7.323218920163299e-09,0.9999961853027344,2.5626153643543148e-08,3.6730846142418727e-10,6.599881974267419e-09,4.636371215838153e-07,2.4115811569913603e-09,2.1135933003790797e-09,6.008648369970615e-07,6.792032536395709e-08
01777354_2,FINANCIAL_POSITION:CSL,CSL,7.249308930923348e-10,1.6923644707844687e-08,5.334961639125169e-12,1.7700839682888159e-09,1.986124154029767e-09,1.1977239200433587e-09,2.3500387746899776e-10,1.2170187080329242e-10,7.520439271324619e-10,1.0,1.871208077375286e-09,6.72001551627055e-11,3.964452099936011e-10,4.5648169688661255e-09,1.5046960899489648e-10,4.551951704456769e-08,1.485690237501558e-08,7.360126952349333e-10,1.0868556749032976e-10,2.110557562051696e-11
00996787_3,CHANGES_IN_EQUITY:RMD,RMD,3.065006234925782e-11,5.4236235058624516e-08,1.4957448613017732e-09,1.8940932156041868e-10,1.7275357322432683e-07,1.7727133649891869e-10,2.2975713775963413e-08,6.988964287302224e-07,1.9036257292714964e-10,2.942455168408742e-10,2.11692260942975e-10,4.812670054143986e-11,1.7752290304429152e-08,3.5513252338859047e-09,0.9999990463256836,1.9991365007854256e-08,1.2187719722334123e-09,7.220630315885046e-09,2.6617644720283717e-12,2.519379982413028e-10
01552305_3,CHANGES_IN_EQUITY:CSL,CSL,1.4029513661917292e-11,2.3711579366647584e-09,8.428995670328732e-07,5.627443844247182e-09,3.287745908853168e-10,1.5746690409934594e-11,1.5785387219580116e-08,3.203063370094128e-10,2.3158328588124277e-07,3.2855407283705063e-09,0.9999988079071045,8.768408776838044e-10,1.0282631990321534e-07,2.923753683603536e-09,3.4062697107373197e-10,7.200133822493626e-10,7.100538823578972e-09,1.8313490723897985e-09,4.129483244241783e-08,1.3506774365623642e-08
01443569_4,CASH_FLOWS:CSL,CSL,9.875317346086376e-07,2.397155185462907e-08,2.658800610788603e-07,1.7487758441347978e-06,1.5920954865578096e-07,1.321862441727717e-07,1.2097460810878147e-08,2.0725153149214748e-07,6.887395898047544e-08,1.1964528923158468e-08,9.470951134460392e-09,0.9999943971633911,3.046950780571933e-08,4.766916861242976e-10,1.0068956335373969e-08,1.0476161378392135e-06,3.77550612995492e-09,3.4549250127469122e-09,8.158936566360353e-07,9.384463339756621e-08
01335759_2,FINANCIAL_POSITION:APA,APA,4.006918743471033e-07,1.7512193917212926e-09,3.5679179610781375e-09,1.2452895381542817e-09,1.9405279605422265e-09,0.9999951124191284,3.2457328416057862e-06,5.95488700128044e-07,2.18291091869105e-08,1.4023169292443072e-08,8.29718516115463e-11,3.564388464383228e-07,1.306247554566653e-09,2.4184912406077785e-10,1.753350797883968e-10,9.75565184191396e-10,2.852122094054721e-09,8.62329514461635e-08,1.6684711567904742e-07,8.679779028852863e-08
01820054_4,CASH_FLOWS:RMD,RMD,4.02400246457546e-06,6.082805015239501e-08,1.641615057224044e-07,3.3850067211460555e-06,1.8352974251456544e-08,1.3711544788463925e-08,2.9082537267299813e-08,1.0280943030238632e-07,1.2231968327114373e-08,8.577856078773038e-07,4.73702215231242e-08,7.176566896305303e-07,1.349995841337659e-06,6.517121619253885e-06,2.6022783572443586e-07,0.9999814033508301,1.6427114246653218e-07,4.4392481868271716e-07,4.5056310682412004e-07,2.224631501235308e-08
01649007_2,PROFIT_OR_LOSS:RMD,RMD,2.163696990464814e-07,3.840390490950085e-06,1.8084176645061234e-07,3.3052145909096e-07,1.3091785433516634e-07,2.1684801509991303e-08,3.945506321656467e-08,1.0017427030106774e-06,1.356348207082192e-06,1.0186095522612959e-07,1.1613598616122545e-07,2.7905615596068856e-08,6.337076774798334e-05,0.9997062087059021,0.00016884856449905783,5.3204435971565545e-05,6.625169817198184e-07,9.839578041237473e-08,3.788251046188407e-09,1.569519554323051e-07
01556590_2,FINANCIAL_POSITION:APA,APA,2.917750805409014e-07,2.53972598507346e-09,3.135246062768715e-09,1.4079117871546032e-09,1.806925831182582e-09,0.9999967813491821,1.609939545232919e-06,4.358391265668615e-07,1.2527752168978168e-08,1.6023911086904263e-08,4.3187488307783184e-11,3.2441025155094394e-07,7.603274676526439e-10,1.502554608512341e-10,2.0287031776700104e-10,8.561775732829346e-10,1.8618993014030139e-09,8.086769298643048e-08,1.2291332041058922e-07,7.820136715963599e-08
01333323_2,FINANCIAL_POSITION:CSL,CSL,6.524916162931049e-10,3.766006528849175e-08,6.0656427797178836e-12,3.6535778846769063e-09,3.5039275925186075e-09,3.2182376763500997e-09,7.940364477043715e-10,1.941077021339055e-10,9.140035395205359e-10,1.0,2.5816193627292705e-09,2.600764603677419e-10,1.0281608897599881e-10,1.486471834510894e-09,3.3070324256812e-10,2.875982474392913e-08,2.7023796533853783e-08,5.5165747525620645e-09,1.3759283989944748e-10,3.747650106911138e-11
01896392_1,PROFIT_OR_LOSS:CSL,CSL,2.4933594744425136e-08,3.1952132606427597e-10,2.5195259767407663e-10,1.7326433690567633e-11,1.6762905508116432e-09,1.0722940313456775e-09,2.214554928325896e-11,1.2321611508880892e-09,0.9999997615814209,1.0216923973516145e-09,8.811833396293878e-08,1.4003022386077646e-07,1.6513830303210852e-08,1.0952889262227927e-08,7.62052712599548e-11,4.0060374462136394e-10,1.2431617957275876e-09,3.7243475664583414e-11,4.210345849742225e-09,3.866765396765004e-08
01888225_4,CASH_FLOWS:AGL,AGL,2.894333839265073e-08,4.585742203744303e-07,3.545757181200315e-07,0.9999939203262329,2.0680030843323038e-07,3.41156223271355e-08,1.1478286765509438e-08,2.2961378631780605e-10,1.5252778207131001e-10,1.0506928305176189e-07,1.3284192634799297e-09,5.446322006719129e-07,3.3415128442015885e-09,5.2374339531979786e-08,1.4841489814898523e-08,4.122581231058575e-06,3.870701537067589e-10,9.243972698413927e-08,1.979842068067228e-08,4.423145183451993e-10
01552305_4,CASH_FLOWS:CSL,CSL,4.187589183857199e-06,5.871124741929634e-08,3.4078266253345646e-07,6.012969151925063e-06,5.277984200802166e-07,7.629053584423673e-07,1.0861192833999667e-08,5.42562474947772e-07,1.1459449069661787e-06,2.509032093200858e-08,3.165041917441158e-08,0.9999716281890869,5.5431687684404096e-08,3.531207992679697e-09,2.2045334446829656e-08,3.734566689672647e-06,2.2319369463730254e-08,2.1446433517979813e-09,1.069422887667315e-05,3.389468474779278e-07
01432144_2,FINANCIAL_POSITION:TLS,TLS,7.742081606920692e-07,9.896410801957245e-07,5.326651897341605e-10,1.3668388021415012e-07,2.1151839391109206e-08,2.4221492367360042e-06,1.461827764615009e-06,2.9668726710951887e-06,2.2661126877210336e-06,1.843921069166754e-07,3.6107607570556866e-08,1.1790694998126128e-06,1.694242399707946e-07,1.4476828624765403e-09,2.3901842283180486e-08,3.441235321588465e-06,6.333472992992029e-05,0.9998192191123962,8.85235785972327e-05,1.2815343325200956e-05
01445667_4,CASH_FLOWS:APA,APA,1.1055702131557155e-08,4.052677304855479e-09,2.213805007367231e-11,1.5430823285811357e-10,8.164516840380998e-10,1.3377681185033907e-08,7.96928532054153e-07,0.9999967813491821,7.17773129821353e-09,2.6923629992126052e-09,8.061012968241243e-10,9.435165537752255e-09,7.306463212231051e-10,2.926531905700358e-09,7.098781651393438e-08,7.98977772831222e-09,7.949188529643436e-10,6.230901572479297e-09,2.267766831209883e-06,8.421874753139491e-09
01218676_2,FINANCIAL_POSITION:CSL,CSL,6.788308803962195e-10,2.085848649358013e-08,3.19394359050984e-12,1.0764439339894238e-09,1.4686747373815479e-09,1.6886330111987036e-09,1.9701520970194508e-10,1.4175621787515524e-10,6.433283905593612e-10,1.0,1.312710384837601e-09,6.490146614579473e-11,1.5503948125328293e-10,2.1131578709088217e-09,1.7048554235010727e-10,2.9682833968536215e-08,9.728631233940632e-09,6.952444175922778e-10,9.98614940739273e-11,1.913367728145765e-11
01765006_2,PROFIT_OR_LOSS:RMD,RMD,1.082628102722083e-07,9.757350198924541e-07,7.011965408310061e-08,1.3491808203980327e-07,3.2671856331489835e-08,1.0629012336949017e-08,1.2025473061783032e-08,2.3062192155975936e-07,5.401877842814429e-07,4.286181010115797e-08,4.973442102595982e-08,1.2584211894761665e-08,2.498988396837376e-05,0.9999234676361084,2.4559481971664354e-05,2.448091072437819e-05,2.4468607762173633e-07,2.3623453415666518e-08,1.541237470981116e-09,7.974778526431692e-08
00992279_4,CASH_FLOWS:APA,APA,1.1072249783694588e-08,4.083162696844056e-09,2.3720017269801552e-11,1.409424105203172e-10,8.794421857416523e-10,1.2872654941986639e-08,8.195501095542568e-07,0.9999970197677612,8.206864521298485e-09,3.0965101593949385e-09,8.627514258563451e-10,1.0063510913482787e-08,7.848970917656573e-10,2.8797981777017867e-09,6.872716795669476e-08,7.190778195109715e-09,7.392731982136524e-10,5.314174877923961e-09,2.072579263767693e-06,7.907426713416044e-09
01433565_1,FINANCIAL_POSITION:RMD,RMD,2.588640768408368e-07,2.050380345508529e-07,1.2139368399388673e-09,1.1490512014100673e-10,1.1942784001323092e-12,1.2127681081608443e-09,5.483874118694665e-11,1.686926793809107e-07,8.246615124107848e-08,3.921859281774687e-09,2.9772673215688883e-08,1.1521445131279506e-08,0.9999970197677612,5.469062784868584e-07,4.2438257352728215e-09,3.576909080038604e-07,3.1583337545271206e-07,8.345590174485551e-08,8.60675530844901e-10,8.120547931866895e-07
01101541_1,PROFIT_OR_LOSS:APA,APA,1.8497003928530376e-10,5.64787796974997e-07,3.3588833048270317e-07,1.2319765119173098e-07,0.9999698400497437,4.478749815461924e-08,1.3184923375320068e-07,3.480646881826033e-10,4.724019930790746e-08,3.446141150220683e-08,4.469448455779457e-08,6.329496216039843e-08,1.8020096526072393e-10,6.507161920410454e-09,2.8575035685207695e-05,4.340847473138787e-11,9.175851189979767e-09,2.3483292466153216e-07,1.749992373234477e-10,4.986668716844278e-11
02011104_3,CHANGES_IN_EQUITY:RMD,RMD,3.106848459055733e-11,5.1613387341831185e-08,1.7006942520936263e-09,1.8709697680030501e-10,1.7105760719005048e-07,1.8760225317659973e-10,2.298623513752318e-08,6.948749273760768e-07,1.9853978183714815e-10,3.207435428365102e-10,2.0275048306928056e-10,5.377129991268603e-11,1.778357194837099e-08,3.940499926358143e-09,0.9999990463256836,2.1128828464611615e-08,1.3323135927834073e-09,7.456875117384243e-09,2.814280709514949e-12,2.7919935807751983e-10
01541404_2,PROFIT_OR_LOSS:RMD,RMD,9.584448790178612e-09,3.0894579339246775e-08,9.85051595847608e-09,1.1039463565509777e-08,1.3804258847116557e-09,1.510841673990626e-09,1.3957978106660107e-09,9.236228670772562e-09,5.547998327415371e-08,4.58826043825411e-09,1.1926606369172532e-08,2.038713642349421e-09,3.0108994906186126e-06,0.9999955892562866,2.466820205881959e-07,9.63615093496628e-07,1.5420699384094405e-08,8.383124749933302e-10,1.8643801780182656e-10,8.203723034228005e-09
01221436_4,CASH_FLOWS:APA,APA,1.3974618795487004e-08,4.8372612582170404e-09,2.824675215951089e-11,1.8354737174597346e-10,9.687318724971306e-10,1.3024734180078212e-08,9.14163820198155e-07,0.9999964237213135,8.339486434749688e-09,3.4426115291807946e-09,1.0544969342163313e-09,1.0519883630877302e-08,9.362428610160123e-10,3.906782897189487e-09,1.0221949509059414e-07,1.2103831714682656e-08,9.613397855545713e-10,7.245762212448881e-09,2.482181344021228e-06,8.953979779846577e-09
01665487_2,FINANCIAL_POSITION:APA,APA,2.535910823553422e-07,2.3952320127307303e-09,2.689520828269565e-09,1.1259314591782754e-09,1.6564284388564943e-09,0.9999972581863403,1.5447824353032047e-06,3.6868863162453636e-07,1.0674454209436135e-08,1.763391033193784e-08,3.9189398254313446e-11,3.002255084538774e-07,7.132381907304364e-10,1.321120712827195e-10,1.8355557351856788e-10,6.595254897767688e-10,1.5704121336668209e-09,5.9462539780952284e-08,1.0147130780069347e-07,6.017551612558236e-08
01221436_1,PROFIT_OR_LOSS:APA,APA,2.3003979277014253e-10,7.177167731242662e-07,5.093807544653828e-07,1.6927594970184145e-07,0.9998829364776611,5.7266543507239476e-08,1.6184419848741527e-07,5.43330047619861e-10,3.874759357813673e-08,4.910268458502287e-08,5.003401071235203e-08,6.820093290116347e-08,3.1790967081057886e-10,1.5045788614997946e-08,0.00011519231338752434,6.987145584336218e-11,1.1665155952300665e-08,2.421964779841801e-07,1.203775412683683e-10,4.565671105072333e-11
01649007_1,FINANCIAL_POSITION:RMD,RMD,1.177372359961737e-05,8.139969622789067e-07,7.176300442779393e-09,1.761112033982215e-09,1.7096211599176847e-11,1.2820278172398503e-08,2.4770269169138714e-10,4.747413129280176e-07,2.3687847772180248e-07,1.2195155818517378e-07,6.120623652350332e-08,2.400037431016244e-07,0.9999805688858032,2.411185960227158e-06,3.7338129033059886e-08,2.678631972230505e-06,2.674444488093286e-07,1.226243568908103e-07,1.6708224803707594e-09,3.9948491803443176e-07
01221436_3,CHANGES_IN_EQUITY:APA,APA,1.1982717040837088e-08,2.6734825908647508e-08,5.890697138966061e-06,7.163458803916001e-08,3.4482543469493976e-06,9.376523166793049e-07,0.999903678894043,2.1417734387796372e-05,5.2610694467603025e-08,1.9431784892276482e-07,1.0482447123649763e-06,1.4607233644881035e-08,1.7875365188047e-07,2.0805584881600225e-06,5.6670680351089686e-05,2.5816638071773923e-07,3.955819011025596e-06,1.3706446111427795e-07,3.933383041498928e-08,1.3215760930052056e-07
01781810_3,CHANGES_IN_EQUITY:APA,APA,3.053265140717798e-10,3.0288169194925274e-10,1.7899563999890233e-06,9.550622515064333e-09,9.700772807264002e-07,1.6475648578762048e-07,0.9999961853027344,1.4795558911373519e-07,1.1900452845381437e-09,1.8031144577435043e-08,2.0515112453267648e-07,1.6568216798518165e-09,9.154237368136364e-10,2.7456898976652155e-08,9.18995297638503e-08,2.120526421123259e-09,4.0480242091689433e-07,1.510370850610343e-08,1.2552667350007596e-08,3.505558732186387e-09
01820054_1,FINANCIAL_POSITION:RMD,RMD,5.536368462344399e-06,8.797732675702719e-07,7.041488725434419e-09,1.6478994835367189e-09,2.29909997290223e-11,1.0533112160260316e-08,4.08816008823365e-10,4.978950869372056e-07,2.945132280274265e-07,1.3265069753742864e-07,1.0990607535177332e-07,1.3382643260229088e-07,0.9999828338623047,4.828575129067758e-06,3.871445386494088e-08,3.2664356695022434e-06,5.452076266010408e-07,2.005756556400229e-07,1.910342994904113e-09,5.537717697734479e-07
01886797_3,CHANGES_IN_EQUITY:APA,APA,3.807653747855966e-09,1.0470883715640866e-08,5.771352334704716e-06,3.2334266819589175e-08,7.886284038249869e-06,3.4964298833983776e-07,0.9999511241912842,1.8868822735385038e-05,2.1685023554596228e-08,1.679271690591122e-07,1.7406256347385352e-06,3.013005667185098e-08,2.7439433836207172e-08,9.798698101803893e-07,9.275888260162901e-06,9.714032245256021e-08,3.3457974950579228e-06,1.0586277454649462e-07,6.147152475932671e-08,6.263386609361987e-08
01660919_3,CHANGES_IN_EQUITY:CSL,CSL,1.864345136604051e-11,3.102142320798862e-09,1.2534679854070419e-06,7.4213404310796705e-09,4.278647713906736e-10,1.84867988972659e-11,1.7642372895920744e-08,3.3665970011753643e-10,2.72030604264728e-07,3.532777625991912e-09,0.9999983310699463,1.0468895750292972e-09,1.1830852031380346e-07,3.4398546233660454e-09,4.0805889223172187e-10,7.835787574350661e-10,7.2375851978279115e-09,2.1664829930045926e-09,4.8076458369905595e-08,1.4230198353004653e-08
01765006_4,CASH_FLOWS:RMD,RMD,2.407507963653188e-06,9.215403196094485e-08,1.095577886189858e-07,6.1643313529202715e-06,2.0486906393557547e-08,1.8139489910140583e-08,3.057749609070015e-08,1.4322824881674023e-07,1.1198374672005684e-08,7.50524577597389e-07,3.7341838066140554e-08,4.332825938035967e-07,7.323658337554662e-07,4.619993433152558e-06,5.867241270607337e-07,0.9999827146530151,1.4872360054596356e-07,5.162984848539054e-07,4.6389712338168465e-07,2.7318465711800854e-08
00992279_1,PROFIT_OR_LOSS:APA,APA,5.808951653030192e-10,7.687003744649701e-07,6.002090913170832e-07,5.386412738062063e-08,0.9996224641799927,1.3352010341804998e-07,6.921203521415009e-07,9.89583082144918e-09,4.609660209098365e-08,8.035581089416155e-08,1.1476393524390005e-07,1.1328019411394052e-07,1.1731002835801974e-09,1.2172845842428615e-08,0.0003738981322385371,1.3442191804102777e-10,5.291921212347006e-08,1.0032619002231513e-06,4.605595349538305e-10,2.3524471259861457e-10
00987399_4,CHANGES_IN_EQUITY:TLS,TLS,1.6952644443790632e-07,2.4413157007074915e-07,6.204137434906443e-07,4.44586873982189e-08,3.355688643624788e-11,3.1543149248136615e-07,4.7929759716680564e-08,1.5902087113772723e-07,7.463881388503069e-07,1.6526985335829636e-10,8.137447480294213e-07,2.499334961214572e-08,7.270549758686684e-06,1.587562259430797e-08,2.427131606808075e-09,1.7530865648041072e-08,5.756438895332394e-06,2.072962388410815e-06,4.836030257138191e-06,0.9999768733978271
00987399_2,FINANCIAL_POSITION:TLS,TLS,1.1772364132411894e-06,1.102062128666148e-06,1.0172009901054935e-09,2.5320633767478284e-07,2.968640089306973e-08,3.7829502161912387e-06,2.0449645035114372e-06,5.975877684250008e-06,3.5813659451378044e-06,1.7858292267192155e-07,4.886801363568338e-08,2.229709025414195e-06,2.0894154317829816e-07,1.5042749268445732e-09,3.1311163439795564e-08,4.214627551846206e-06,7.67092133173719e-05,0.999601423740387,0.00027174726710654795,2.5326669856440276e-05
01541404_3,CHANGES_IN_EQUITY:RMD,RMD,3.291308198205556e-11,5.055652252394793e-08,1.422412077012325e-09,1.808232036326629e-10,1.623197647404595e-07,1.8350512775988648e-10,2.359326423118091e-08,8.191875622287625e-07,1.9612717006012304e-10,3.076410792779427e-10,2.100893070622334e-10,5.0023613723526594e-11,1.8224715958581328e-08,3.4825695660600786e-09,0.999998927116394,2.2244497799306373e-08,1.3248807606558444e-09,7.43182670959186e-09,2.923721811529112e-12,2.8231378346177394e-10
01781810_4,CASH_FLOWS:APA,APA,2.1483474554884197e-08,5.208400377654243e-09,3.6775943401679e-11,2.0536833345019545e-10,1.3271524990088324e-09,1.641340041658168e-08,1.0373533996244078e-06,0.9999973773956299,1.0253998539155873e-08,5.525005342121858e-09,1.1825955770206065e-09,1.4960884087145132e-08,1.1073134631445214e-09,5.275648806701838e-09,1.7041058697486733e-07,1.844035857345716e-08,9.484280028004832e-10,5.6239057855123065e-09,1.4652567870143685e-06,7.707050997396436e-09
01445667_2,FINANCIAL_POSITION:APA,APA,2.832139784914034e-07,1.6618957321412609e-09,2.491187034436848e-09,1.0530197824820675e-09,1.4619369048674002e-09,0.999996542930603,2.097593096550554e-06,4.4205026483723486e-07,1.3486896044412333e-08,1.3321075797989579e-08,4.822839350104857e-11,2.807541648053302e-07,8.629879588717415e-10,1.655368481179309e-10,1.4202826414955183e-10,7.471858132213072e-10,1.9562580444443256e-09,6.875480096368847e-08,1.1730917748309366e-07,6.318917655789846e-08
01665487_4,CASH_FLOWS:APA,APA,1.1914217168396135e-08,4.006519560562083e-09,2.0755459850807512e-11,1.29135452331397e-10,7.959041203875472e-10,1.2186545994552489e-08,7.415944196509372e-07,0.999997615814209,6.971220489759844e-09,2.56324317327028e-09,7.781138511298025e-10,9.391472488573527e-09,7.956415526422234e-10,3.0262705674743984e-09,8.381918803479493e-08,7.62094032324967e-09,7.570201132622856e-10,4.954766819054157e-09,1.5919966926958296e-06,6.987114442580378e-09
01650035_4,CHANGES_IN_EQUITY:TLS,TLS,1.0671385552996071e-07,1.3671643728230265e-07,2.95508669978517e-07,2.3935664117402666e-08,5.366751140711834e-11,3.5996993119624676e-06,5.270269909374292e-08,5.625417998089688e-07,6.756643415428698e-06,2.9827729175480044e-10,7.613927550664812e-07,4.079623749930761e-08,4.972234819433652e-06,6.235829630441003e-08,2.870760962281338e-09,1.1183702852690658e-08,1.940079982887255e-06,1.6505862276972039e-07,7.987690878508147e-06,0.9999724626541138
01654610_2,FINANCIAL_POSITION:AGL,AGL,7.318133157241391e-07,0.9999966621398926,1.96815208575174e-09,4.1628172198215907e-07,4.19943324558858e-09,2.1224018098564557e-08,2.9663405065605275e-10,3.2606806144030998e-09,1.520464820714551e-08,3.2061834076557716e-08,4.351523230639032e-08,1.866591742283319e-10,1.7213341152455541e-06,1.849995179270536e-08,5.27657313398322e-08,5.140573744455423e-09,5.166807537371199e-10,4.329367300215381e-07,6.740628943902038e-09,6.561855769859903e-08
01886797_2,FINANCIAL_POSITION:APA,APA,1.0680606692403671e-06,5.616888731907466e-09,6.138592745230653e-09,7.849867422748957e-09,3.587431907092764e-09,0.9999905824661255,5.154964583198307e-06,1.884292601062043e-06,3.0697883346419985e-08,4.4750766647894125e-08,1.3623310812782563e-10,8.919964216147491e-07,2.8647797467584724e-09,1.0080154488889548e-09,1.0628443680715804e-09,5.128888425076639e-09,5.73040370710487e-09,1.2439902263849945e-07,2.608310012419679e-07,1.6474142228162236e-07
01772045_3,CHANGES_IN_EQUITY:AGL,AGL,8.172012258000905e-07,6.528917992909555e-07,0.9997618794441223,4.367958354123402e-06,5.240233076619916e-05,4.350182734924601e-06,0.00010211285552941263,1.2118114511849853e-07,1.4238494259188883e-06,2.1689287166282156e-07,3.830550849670544e-05,7.302874109882396e-06,4.866635094913363e-07,3.298356432424043e-08,1.4367346921062563e-05,3.870014353424267e-08,6.25231359663303e-06,4.5812208782081143e-07,1.0700773600547109e-06,3.339592467455077e-06
00987399_1,PROFIT_OR_LOSS:TLS,TLS,6.270949981512786e-09,1.4187695462908323e-10,1.584834841139582e-08,2.0368233766276944e-09,2.7864379603670386e-07,5.289954252418738e-09,2.766884961147298e-07,1.8616804098314788e-08,1.285469465983624e-06,4.079599236206377e-08,8.855548117026046e-08,3.990067387604768e-09,1.1912459285667865e-06,3.037539215711149e-07,1.7219273118485035e-08,3.531911829668388e-08,0.999993085861206,1.3530845990317175e-06,8.873317369761935e-08,1.942197059179307e-06
01333323_5,CASH_FLOWS:CSL,CSL,2.35065158449288e-06,2.8567527010636695e-08,2.0565757097301685e-07,2.5629365154600237e-06,1.5235353600928647e-07,5.309482276061317e-07,1.21581971157525e-08,7.645755886187544e-07,1.7572681088040554e-07,1.9210890656040647e-08,1.2493160284066107e-08,0.9999822378158569,1.984041553271254e-08,9.811153001137995e-10,1.107816860468347e-08,6.041064807504881e-06,1.1703869873258554e-08,2.209004534847736e-09,4.786196313943947e-06,1.749040592358142e-07
01881282_1,FINANCIAL_POSITION:RMD,RMD,4.490143055591034e-06,1.128827875618299e-06,4.442906043067296e-09,1.5448216039715135e-09,2.097157690561513e-11,6.60458754353499e-09,2.977879054455457e-10,5.237365598986798e-07,5.095600954518886e-07,1.6702725247341732e-07,1.1834803359533907e-07,1.3211658256295777e-07,0.9999841451644897,6.074549673940055e-06,3.776959900392285e-08,1.8607709080242785e-06,3.001102300004277e-07,1.3102395257647004e-07,1.3240629703759055e-09,3.7606372416121303e-07
00996787_4,CASH_FLOWS:RMD,RMD,3.246411506552249e-05,3.7078007153468207e-07,1.2245122888998594e-06,2.4143462724168785e-05,2.484274261860264e-07,1.2618957612176018e-07,3.0869711054037907e-07,8.089785296760965e-06,1.698579978892667e-07,2.396550371486228e-06,3.679525377719983e-07,2.285634764120914e-05,1.487393660681846e-06,4.665461165132001e-05,4.467450708034448e-06,0.9998278617858887,1.2899391776954872e-06,5.648864771501394e-07,2.445581958454568e-05,3.3410918831577874e-07
01891649_2,FINANCIAL_POSITION:TLS,TLS,4.4447475033848605e-08,1.3840079873261857e-06,1.1843072300621316e-08,3.6918040677846875e-06,2.9119928512955084e-07,8.779739459896518e-07,1.1972116226388607e-05,5.6081044021993876e-06,2.5424685645702993e-07,3.268924899657577e-07,2.733303290369804e-07,7.358006541835493e-07,2.7065199859066524e-08,1.942824789935571e-09,1.1153737489166815e-07,1.793481169443112e-05,1.249939941772027e-05,0.9997246861457825,0.00021140284661669284,7.834496500436217e-06
01660919_1,PROFIT_OR_LOSS:CSL,CSL,1.1194380533652293e-08,1.0934510935589614e-10,2.444347779739786e-10,1.0591639544588194e-11,7.790912914806825e-10,1.1750528328136056e-09,1.6084503520752413e-11,7.971501791992353e-10,0.9999998807907104,3.794222158681748e-10,4.804884667919396e-08,1.1705600400091498e-07,7.4367685343190715e-09,3.56320173366953e-09,3.336790913022192e-11,1.8340487462076283e-10,7.315967831544867e-10,2.199002611946721e-11,4.0666816580881004e-09,4.162312450262107e-08
01649007_3,CHANGES_IN_EQUITY:RMD,RMD,5.139441650037213e-11,6.242561312319594e-08,1.7266849061670086e-09,2.7455682172217166e-10,2.3039960694859474e-07,2.609715221701947e-10,3.4216007804843684e-08,1.1280928902124288e-06,2.907269147645053e-10,4.292151911666764e-10,2.951976163512171e-10,7.959242293020807e-11,2.3625002398830475e-08,4.989814339495524e-09,0.9999985694885254,3.462825048927698e-08,1.9196031431079064e-09,1.1095626639701095e-08,4.50567968351967e-12,3.717283703075225e-10
01886797_1,PROFIT_OR_LOSS:APA,APA,9.21156129152223e-08,6.298295829765266e-06,5.635344496113248e-05,4.531817921815673e-06,0.949237048625946,2.7850617698277347e-05,0.019857261329889297,1.2493815120251384e-05,1.9925616925320355e-06,1.1524141882546246e-05,6.820399721618742e-05,5.542833150684601e-06,1.8171969031754998e-06,8.689323294674978e-05,0.030540570616722107,5.686512167812907e-07,4.3426254705991596e-05,3.710524833877571e-05,6.794109452812336e-08,1.8558648662292399e-07
00996787_1,FINANCIAL_POSITION:RMD,RMD,3.0278607709988137e-07,2.2474790739579475e-07,1.465747967444031e-09,1.534757321230984e-10,1.3918887743769037e-12,1.5326461211273568e-09,6.9427158466695e-11,2.147072564184782e-07,9.671580158965298e-08,4.071028847363323e-09,3.274911009043535e-08,1.2998302878486356e-08,0.9999964237213135,6.726872925355565e-07,4.627621397190751e-09,4.328561544753029e-07,3.8340260744007537e-07,8.640791548941706e-08,1.270722083113185e-09,1.0528907523621456e-06
01445667_3,CHANGES_IN_EQUITY:APA,APA,8.967530051862127e-10,1.1525610466023295e-09,2.5034230475284858e-06,1.702868779318578e-08,1.5257446648320183e-06,2.6093678684446786e-07,0.9999927282333374,8.228099090956675e-07,4.1598280375865215e-09,4.0549050339677706e-08,3.8114055200821895e-07,3.3818194911106048e-09,5.2220636703737e-09,1.1371080432809322e-07,7.30741362531262e-07,9.88259252210355e-09,9.631987722968915e-07,2.866782544685975e-08,1.5770634576028897e-08,1.3071897342342709e-08
01781810_2,FINANCIAL_POSITION:APA,APA,2.8579071909007325e-07,2.26104712730546e-09,2.576627577965951e-09,1.3333831816453312e-09,1.8155760228566464e-09,0.9999966621398926,2.1836412997799926e-06,5.256054578239855e-07,1.092400125912718e-08,1.989811693192678e-08,4.242719023328512e-11,2.7072161401520134e-07,7.704675786257553e-10,1.7337065116862505e-10,1.8334797569075079e-10,8.041586285756352e-10,1.8203647478287621e-09,7.209167307564712e-08,1.0712901143961062e-07,5.328964647333123e-08
01665498_1,PROFIT_OR_LOSS:APA,APA,2.387715358764808e-09,6.387073767655238e-07,3.2481165135322954e-07,6.699378474195328e-08,0.9999191761016846,5.249721084510384e-07,1.0115788427356165e-05,4.441467282845224e-08,8.562280129353894e-08,6.457385097746737e-07,2.647907422215212e-07,1.259476647419433e-07,7.875937124701693e-10,3.23630366949601e-08,6.656109326286241e-05,9.661053068654724e-10,2.5528018454679113e-07,1.2605755728145596e-06,5.2815081197366e-09,8.398503559270409e-10
01432144_4,CHANGES_IN_EQUITY:TLS,TLS,2.5875513287587637e-08,5.7993258195665476e-08,4.7393605484558066e-08,6.341345226701378e-09,5.6042306212367166e-12,6.649781312262348e-07,6.062182311694642e-09,8.787867500359425e-08,1.7252941688639112e-06,3.989801544701521e-11,2.4528799258405343e-07,5.544634529286441e-09,1.6693825273250695e-06,4.2955097256935915e-09,4.1652076232523427e-10,2.444876301410659e-09,3.2624305390527297e-07,1.3703949264254334e-07,2.6471304863662226e-06,0.9999923706054688
01542426_2,FINANCIAL_POSITION:TLS,TLS,1.0877236178430394e-07,1.0865283002203796e-05,1.875585198263252e-08,5.843041435582563e-06,4.4438604618335376e-07,1.2334913890299504e-06,1.7036578356055543e-05,5.296440212987363e-05,7.009338673924503e-07,2.6944636033476854e-07,7.225738727356656e-07,1.5011208915893803e-06,7.979645033628913e-08,4.850617241203281e-09,2.9260877454362344e-07,3.368208490428515e-05,2.0146258975728415e-05,0.9969789981842041,0.0028513981960713863,2.36843443417456e-05
01665487_3,CHANGES_IN_EQUITY:APA,APA,7.103007626518831e-10,6.628640414341191e-10,4.627012913260842e-06,4.6016296550988045e-08,3.23776544064458e-06,2.69427175680903e-07,0.9999902248382568,9.276384105305624e-08,2.079217686912216e-09,3.1709138426094796e-08,3.131125936306489e-07,2.702697177170421e-09,3.3988891701142165e-09,1.1052430437530347e-07,4.015368517684692e-07,4.4051979841697175e-09,6.03401076659793e-07,4.1351146506940495e-08,9.62811519400475e-09,4.892701355174722e-09
01221436_2,FINANCIAL_POSITION:APA,APA,2.15455088437011e-07,2.0661803379340427e-09,2.8547977315440676e-09,1.822298978382264e-09,2.5531350367202776e-09,0.9999963045120239,2.8170256882731337e-06,2.6925903284791275e-07,1.3685150790365697e-08,2.8386677897174195e-08,6.378215317015545e-11,2.352244479197907e-07,8.921532956840394e-10,2.234660512190345e-10,2.9878946539163564e-10,8.857509725679336e-10,2.152700240287686e-09,4.850623014363009e-08,8.756262559472816e-08,3.6824815197178395e-08
01433565_2,PROFIT_OR_LOSS:RMD,RMD,3.759431876915187e-08,2.5348097665300884e-07,2.7522327528117785e-08,2.6508482520171128e-08,7.010958480435647e-09,4.829791677707362e-09,7.48069872713586e-09,1.2607654298335547e-07,2.9386478672677185e-07,1.277719263725885e-08,3.033646933658929e-08,5.397031266340946e-09,1.2304787560424302e-05,0.9999825954437256,2.3178647552413167e-06,1.8511589132685913e-06,8.145106278334424e-08,5.175387229883199e-09,7.795684098255151e-10,5.073788500453702e-08
01541404_4,CASH_FLOWS:RMD,RMD,2.754358547463198e-06,1.9979601972863748e-07,1.082712230981997e-07,1.1039310265914537e-05,2.4478900684243854e-08,4.0849890581284853e-08,4.0383600463655966e-08,2.32816603329411e-07,1.5847538392677052e-08,5.848110049555544e-07,4.0560220071483855e-08,3.205468601663597e-07,7.15963267339248e-07,6.6751254053087905e-06,1.0973303687933367e-06,0.9999744892120361,1.6951682368926413e-07,9.277587764700002e-07,6.305766646619304e-07,5.287911619689112e-08
01765006_3,CHANGES_IN_EQUITY:RMD,RMD,6.950398589999907e-11,7.436901228174975e-08,2.1784491988086074e-09,3.6908451295225575e-10,3.1637151209906733e-07,3.4503921941819726e-10,4.5727752251423226e-08,1.4898604376867297e-06,3.682231464186003e-10,5.134121461303209e-10,3.625178213173541e-10,1.0765850017024903e-10,2.6312838130593263e-08,6.3955809537219466e-09,0.9999980926513672,4.1875480860653624e-08,2.3838673257614573e-09,1.418361517124822e-08,6.497029910595975e-12,4.6351172899861126e-10
01556590_4,CASH_FLOWS:APA,APA,1.1061627169794974e-08,4.026694977454781e-09,2.321437313212993e-11,1.4458416408569263e-10,9.361377228955803e-10,1.3790385722245446e-08,8.470905754620617e-07,0.9999966621398926,7.614219477147799e-09,2.6929019014687583e-09,8.236747395251598e-10,1.0229299185482432e-08,7.459826090183697e-10,2.923028041834641e-09,6.8526091467902e-08,7.482644726053422e-09,8.349559377229809e-10,6.019083453878693e-09,2.328809614482452e-06,8.183852706622474e-09
01101541_3,CHANGES_IN_EQUITY:APA,APA,3.768385603564184e-10,5.490985444112084e-10,1.740734319355397e-06,8.28936652652601e-09,1.230378870786808e-06,1.4024317351868376e-07,0.9999954700469971,4.5458904196493677e-07,1.8485742936391603e-09,2.7389248202780436e-08,2.8882323022116907e-07,2.326689951814842e-09,1.3967244028023629e-09,4.419446142378547e-08,1.8760420061880723e-07,4.302640466136154e-09,5.051680318501894e-07,1.6166362470926288e-08,1.4684252036545331e-08,4.672209286127327e-09
00987189_3,CASH_FLOWS:CSL,CSL,1.4969198218750535e-06,1.3126280506980947e-08,1.4360394118284603e-07,6.845800726296147e-07,1.0832580699116079e-07,2.2801182808507292e-07,1.1824028867124525e-08,4.989639705854643e-07,1.0940638617285003e-07,8.599612577597782e-09,6.713461342400251e-09,0.9999940395355225,1.6521958912107948e-08,4.698814670689444e-10,5.5284132827182475e-09,1.1754444813050213e-06,4.262397990117961e-09,1.3156903344579973e-09,1.3696153473574668e-06,7.741607532807393e-08
01333323_1,PROFIT_OR_LOSS:CSL,CSL,1.506627356206991e-08,1.502785812457219e-10,3.8498654264529364e-10,1.364048630991821e-11,1.1750730388726538e-09,1.8529773271325212e-09,2.6632253694036656e-11,1.0183676124597696e-09,0.9999998807907104,4.5940137805011716e-10,5.801249969294986e-08,1.5380442164314445e-07,8.814889262964698e-09,4.459625557728941e-09,4.341689854858721e-11,2.5040136630849474e-10,1.1918851461345525e-09,3.437810106032835e-11,7.100573462537341e-09,5.0934531259372307e-08
01881282_2,PROFIT_OR_LOSS:RMD,RMD,1.1165061764017992e-08,3.3061901660857984e-08,7.59514140469264e-09,1.5001869968500614e-08,1.5660581720311484e-09,1.5187791024828812e-09,1.0168168529389732e-09,6.764425908301064e-09,4.555547050699715e-08,4.660357433294848e-09,9.016409840967299e-09,1.7944878916154039e-09,2.1128644220880233e-06,0.9999960660934448,2.0019496105305734e-07,1.440874598301889e-06,1.4842908235834784e-08,7.916772237770431e-10,2.299083423640269e-10,7.91771270769459e-09
01649007_4,CASH_FLOWS:RMD,RMD,2.689466782612726e-06,1.8359128262090962e-07,1.2458261267056514e-07,1.0696802746679168e-05,2.9089250119795906e-08,4.4300005441755275e-08,4.6506126949452664e-08,2.635837290654308e-07,1.8487888553408993e-08,6.540566914736701e-07,5.086281973376572e-08,3.7171935218793806e-07,6.681518129880715e-07,7.166585419327021e-06,9.793510571398656e-07,0.9999737739562988,2.0059775351910503e-07,1.0209651009063236e-06,9.011317843032884e-07,5.412872994270401e-08
01820054_2,PROFIT_OR_LOSS:RMD,RMD,1.2140612959399277e-08,3.671217285727835e-08,7.930755607787887e-09,1.6390382384656732e-08,1.7505730198763558e-09,1.6787800038997602e-09,1.066967181273526e-09,7.628678133642097e-09,5.121938784213853e-08,4.809613152190195e-09,9.245926690937267e-09,1.934649995760651e-09,2.1365840439102612e-06,0.9999959468841553,2.440067987663497e-07,1.605164356988098e-06,1.6597256902173285e-08,8.744567292495731e-10,2.513199925946452e-10,8.92168738886312e-09
01777354_4,CASH_FLOWS:CSL,CSL,1.9275263184681535e-05,1.6438271188690123e-07,1.1162289865751518e-06,1.2559230526676401e-05,8.804989306554489e-07,2.8815074983867817e-06,2.4158280709229984e-08,1.6308349586324766e-06,4.330790034146048e-06,5.671657987704748e-08,9.94875506421522e-08,0.9998726844787598,1.8090740638854186e-07,2.5137172343647762e-08,6.062442992060824e-08,1.5979874660843052e-05,8.197088874339897e-08,4.78495731925932e-09,6.640836363658309e-05,1.3776412970400997e-06
01443569_3,CHANGES_IN_EQUITY:CSL,CSL,1.0289775108363042e-11,1.7341514890745202e-09,5.571779979618441e-07,3.766195355581203e-09,2.62454197264006e-10,1.459957849059279e-11,1.619564748978064e-08,3.9133915552547194e-10,2.0254881860637397e-07,3.3807832089394196e-09,0.9999990463256836,8.464339784630681e-10,8.056827738300854e-08,2.6156827814816097e-09,3.681764337848392e-10,6.485342818329798e-10,7.244122635086114e-09,1.6111434408827563e-09,3.4219223010723e-08,1.260878068620741e-08
01820054_3,CHANGES_IN_EQUITY:RMD,RMD,3.3076883454441486e-09,8.073448611867207e-07,3.0430108211021434e-08,5.509011469229108e-09,1.8950373714687885e-06,3.623187083690027e-09,1.2491124152802513e-06,0.00012336642248556018,5.372984723805985e-09,4.6970498601695e-09,1.6562180960022488e-08,3.07657233022951e-09,3.029229844742076e-07,5.2248608994887036e-08,0.9998716115951538,4.305818777083914e-07,1.2599266518975583e-08,1.4102658951742342e-07,4.535659903215361e-10,6.91164103727715e-09
01541404_1,FINANCIAL_POSITION:RMD,RMD,2.7684419023898954e-07,2.081221310845649e-07,1.3696535017260203e-09,1.2443839014775193e-10,1.2001375370926382e-12,1.296198037792351e-09,5.974686023701992e-11,1.971313992044088e-07,8.326047407081205e-08,3.572847573352078e-09,2.959923506296036e-08,1.197583632261967e-08,0.9999967813491821,5.787856025563087e-07,4.513436735464893e-09,3.8279262071228004e-07,3.2702106977922085e-07,7.728321094191415e-08,1.0562989372076004e-09,9.261617037736869e-07
01665498_4,CASH_FLOWS:APA,APA,1.1350610229499125e-08,4.104431461371405e-09,2.3269436724704384e-11,1.4365808542748937e-10,9.757343821803488e-10,1.400552385177889e-08,8.487500053888652e-07,0.9999967813491821,7.788709233125246e-09,2.67053446023624e-09,8.41191727385393e-10,1.0537117844933164e-08,7.673775503924674e-10,2.9509930055127143e-09,7.000491564213007e-08,7.465239981740979e-09,8.58457083197095e-10,5.934068347812627e-09,2.2623817130806856e-06,8.132768236635002e-09
00992279_3,CHANGES_IN_EQUITY:APA,APA,2.405945165318002e-10,9.209693563327903e-10,1.201906911774131e-06,4.098378525441149e-09,1.1748162478397717e-06,6.523984552586626e-08,0.9999934434890747,3.1134445634961594e-06,1.945928751467818e-09,4.002334463848456e-08,5.091067691864737e-07,3.6230549671500967e-09,7.629645248918848e-10,4.141514153843673e-08,1.2965401197106985e-07,5.7547802079227495e-09,3.9701376408629585e-07,1.3487316152804851e-08,4.162039246580207e-08,4.6892969507439375e-09
